Fecha_Busqueda,Precio,Marca,Nombre del modelo,Tamaño de la pantalla,Color,Tamaño del disco duro,Modelo de CPU,Tamaño de la memoria RAM instalada,Sistema operativo,Característica especial,Descripción de la tarjeta gráfica
20250323-184946,"$31,349.05",ASUS,UX5406SA-PZ024W,14 Pulgadas,Gris Zumaia,1 TB,Intel Core Ultra 7,32 GB,Windows 11 Home,"Teclado retroiluminado, Compatible con lápiz óptico",Integrada
20250323-184957,"$31,349.05",ASUS,UX5406SA-PZ024W,14 Pulgadas,Gris Zumaia,1 TB,Intel Core Ultra 7,32 GB,Windows 11 Home,"Teclado retroiluminado, Compatible con lápiz óptico",Integrada
20250323-185008,"$31,349.05",ASUS,UX5406SA-PZ024W,14 Pulgadas,Gris Zumaia,1 TB,Intel Core Ultra 7,32 GB,Windows 11 Home,"Teclado retroiluminado, Compatible con lápiz óptico",Integrada
20250323-185019,"$32,999.00",ASUS,UX5406SA-PZ024W,14 Pulgadas,Gris Zumaia,1 TB,Intel Core Ultra 7,32 GB,Windows 11 Home,"Teclado retroiluminado, Compatible con lápiz óptico",Integrada
20250323-185308,"$31,349.05",ASUS,UX5406SA-PZ024W,14 Pulgadas,Gris Zumaia,1 TB,Intel Core Ultra 7,32 GB,Windows 11 Home,"Teclado retroiluminado, Compatible con lápiz óptico",Integrada
20250323-185318,"$31,349.05",ASUS,UX5406SA-PZ024W,14 Pulgadas,Gris Zumaia,1 TB,Intel Core Ultra 7,32 GB,Windows 11 Home,"Teclado retroiluminado, Compatible con lápiz óptico",Integrada
20250323-185329,"$31,349.05",ASUS,UX5406SA-PZ024W,14 Pulgadas,Gris Zumaia,1 TB,Intel Core Ultra 7,32 GB,Windows 11 Home,"Teclado retroiluminado, Compatible con lápiz óptico",Integrada
20250323-185340,"$31,349.05",ASUS,UX5406SA-PZ024W,14 Pulgadas,Gris Zumaia,1 TB,Intel Core Ultra 7,32 GB,Windows 11 Home,"Teclado retroiluminado, Compatible con lápiz óptico",Integrada
20250323-185351,"$31,349.05",ASUS,UX5406SA-PZ024W,14 Pulgadas,Gris Zumaia,1 TB,Intel Core Ultra 7,32 GB,Windows 11 Home,"Teclado retroiluminado, Compatible con lápiz óptico",Integrada
20250323-185402,"$31,349.05",ASUS,UX5406SA-PZ024W,14 Pulgadas,Gris Zumaia,1 TB,Intel Core Ultra 7,32 GB,Windows 11 Home,"Teclado retroiluminado, Compatible con lápiz óptico",Integrada
20250323-185413,"$31,349.05",ASUS,UX5406SA-PZ024W,14 Pulgadas,Gris Zumaia,1 TB,Intel Core Ultra 7,32 GB,Windows 11 Home,"Teclado retroiluminado, Compatible con lápiz óptico",Integrada
20250323-185424,"$31,349.05",ASUS,UX5406SA-PZ024W,14 Pulgadas,Gris Zumaia,1 TB,Intel Core Ultra 7,32 GB,Windows 11 Home,"Teclado retroiluminado, Compatible con lápiz óptico",Integrada
20250323-185435,"$31,349.05",ASUS,UX5406SA-PZ024W,14 Pulgadas,Gris Zumaia,1 TB,Intel Core Ultra 7,32 GB,Windows 11 Home,"Teclado retroiluminado, Compatible con lápiz óptico",Integrada
20250323-185446,"$31,349.05",ASUS,UX5406SA-PZ024W,14 Pulgadas,Gris Zumaia,1 TB,Intel Core Ultra 7,32 GB,Windows 11 Home,"Teclado retroiluminado, Compatible con lápiz óptico",Integrada
20250323-185457,"$31,349.05",ASUS,UX5406SA-PZ024W,14 Pulgadas,Gris Zumaia,1 TB,Intel Core Ultra 7,32 GB,Windows 11 Home,"Teclado retroiluminado, Compatible con lápiz óptico",Integrada
20250323-185508,"$31,349.05",ASUS,UX5406SA-PZ024W,14 Pulgadas,Gris Zumaia,1 TB,Intel Core Ultra 7,32 GB,Windows 11 Home,"Teclado retroiluminado, Compatible con lápiz óptico",Integrada
20250323-185519,"$31,349.05",ASUS,UX5406SA-PZ024W,14 Pulgadas,Gris Zumaia,1 TB,Intel Core Ultra 7,32 GB,Windows 11 Home,"Teclado retroiluminado, Compatible con lápiz óptico",Integrada
20250323-185530,"$31,349.05",ASUS,UX5406SA-PZ024W,14 Pulgadas,Gris Zumaia,1 TB,Intel Core Ultra 7,32 GB,Windows 11 Home,"Teclado retroiluminado, Compatible con lápiz óptico",Integrada
20250323-185541,"$31,349.05",ASUS,UX5406SA-PZ024W,14 Pulgadas,Gris Zumaia,1 TB,Intel Core Ultra 7,32 GB,Windows 11 Home,"Teclado retroiluminado, Compatible con lápiz óptico",Integrada
20250323-185552,"$31,349.05",ASUS,UX5406SA-PZ024W,14 Pulgadas,Gris Zumaia,1 TB,Intel Core Ultra 7,32 GB,Windows 11 Home,"Teclado retroiluminado, Compatible con lápiz óptico",Integrada
20250323-185603,"$31,349.05",ASUS,UX5406SA-PZ024W,14 Pulgadas,Gris Zumaia,1 TB,Intel Core Ultra 7,32 GB,Windows 11 Home,"Teclado retroiluminado, Compatible con lápiz óptico",Integrada
20250323-185614,"$31,349.05",ASUS,UX5406SA-PZ024W,14 Pulgadas,Gris Zumaia,1 TB,Intel Core Ultra 7,32 GB,Windows 11 Home,"Teclado retroiluminado, Compatible con lápiz óptico",Integrada
